"Target ChEMBL ID";"Target Name";"Accessions";"Type";"Organism";"Compounds";"Activities";"Tax ID";"Species Group Flag"
"CHEMBL4611";"Complement C1r subcomponent";"P00736";"SINGLE PROTEIN";"Homo sapiens";"122";"231";"9606";"False"
"CHEMBL3430891";"Integrin alpha-V/beta-3";"O54890|P43406";"PROTEIN COMPLEX";"Mus musculus";"4";"4";"10090";"False"
"CHEMBL6193841";"Protein cereblon/Epidermal growth factor receptor";"P00533|Q8C7D2";"PROTEIN-PROTEIN INTERACTION";"Mus musculus";"2";"2";"10090";"False"
"CHEMBL3885619";"Plasminogen/Urokinase plasminogen activator surface receptor/Urokinase-type plasminogen activator";"P06869|P20918|P35456";"PROTEIN-PROTEIN INTERACTION";"Mus musculus";"13";"13";"10090";"False"
"CHEMBL5920";"N-acetylglucosamine-1-phosphodiester alpha-N-acetylglucosaminidase";"Q9UK23";"SINGLE PROTEIN";"Homo sapiens";"10";"10";"9606";"False"
"CHEMBL3301394";"P-selectin/P-selectin glycoprotein ligand 1";"Q14242|P16109";"PROTEIN-PROTEIN INTERACTION";"Homo sapiens";"3";"3";"9606";"False"
"CHEMBL3739251";"Zinc metalloproteinase dpy-31";"A0A0C5PRQ1";"SINGLE PROTEIN";"Teladorsagia circumcincta";"5";"5";"45464";"False"
"CHEMBL3430894";"Integrin alpha-IIb/beta-3";"Q9QUM0|O54890";"PROTEIN COMPLEX";"Mus musculus";"4";"4";"10090";"False"
"CHEMBL4523865";"Adhesion G protein-coupled receptor E5";"P48960";"SINGLE PROTEIN";"Homo sapiens";"3";"4";"9606";"False"
"CHEMBL3259492";"Tissue-type plasminogen activator";"P11214";"SINGLE PROTEIN";"Mus musculus";"12";"12";"10090";"False"
"CHEMBL2111449";"Coagulation factor X/antithrombin III";"P01008|P00742";"PROTEIN COMPLEX";"Homo sapiens";"6";"28";"9606";"False"
"CHEMBL5465370";"Hyaluronan-binding protein 2";"Q14520";"SINGLE PROTEIN";"Homo sapiens";"1";"1";"9606";"False"
"CHEMBL3217396";"Protein jagged-1";"P78504";"SINGLE PROTEIN";"Homo sapiens";"1";"1";"9606";"False"
"CHEMBL4523276";"Fibroblast growth factor receptor 1";"Q04589";"SINGLE PROTEIN";"Rattus norvegicus";"10";"12";"10116";"False"
"CHEMBL4523594";"Laminin subunit alpha-1";"P25391";"SINGLE PROTEIN";"Homo sapiens";"26";"52";"9606";"False"
"CHEMBL4105879";"Meprin A subunit beta";"Q16820";"SINGLE PROTEIN";"Homo sapiens";"90";"94";"9606";"False"
"CHEMBL2111401";"Thrombin and coagulation factor X";"P00734|P00742";"SELECTIVITY GROUP";"Homo sapiens";"140";"145";"9606";"False"
"CHEMBL5062";"Coagulation factor X";"O19045";"SINGLE PROTEIN";"Oryctolagus cuniculus";"211";"318";"9986";"False"
"CHEMBL5465557";"CCN2-EGFR";"P00533|P29279";"PROTEIN-PROTEIN INTERACTION";"Homo sapiens";"34";"68";"9606";"False"
"CHEMBL6066586";"Integrin alpha-8/beta-1";"P05556|P53708";"PROTEIN COMPLEX";"Homo sapiens";"19";"53";"9606";"False"
"CHEMBL4523680";"Protein cereblon/Epidermal growth factor receptor";"P00533|Q96SW2";"PROTEIN-PROTEIN INTERACTION";"Homo sapiens";"78";"310";"9606";"False"
"CHEMBL4295648";"Agrin";"O00468";"SINGLE PROTEIN";"Homo sapiens";"1";"1";"9606";"False"
"CHEMBL5482996";"VEGFR1-VEGA";"P15692|P17948";"PROTEIN COMPLEX";"Homo sapiens";"10";"32";"9606";"False"
"CHEMBL4802031";"Baculoviral IAP repeat-containing protein 2/Epidermal growth factor receptor";"P00533|Q13490";"PROTEIN-PROTEIN INTERACTION";"Homo sapiens";"1";"2";"9606";"False"
"CHEMBL5465395";"Integrin alpha4/beta7 complex";"P48169|P26010";"PROTEIN COMPLEX";"Homo sapiens";"10";"18";"9606";"False"
"CHEMBL4295716";"Aggrecan core protein";"P13608";"SINGLE PROTEIN";"Bos taurus";"13";"25";"9913";"False"
"CHEMBL4295995";"Tolloid-like protein 2";"Q9Y6L7";"SINGLE PROTEIN";"Homo sapiens";"393";"396";"9606";"False"
"CHEMBL3885562";"Dickkopf-related protein 1/Low-density lipoprotein receptor-related protein 6";"O94907|O75581";"PROTEIN-PROTEIN INTERACTION";"Homo sapiens";"19";"20";"9606";"False"
"CHEMBL6066244";"GDNF family receptor alpha-2";"O00451";"SINGLE PROTEIN";"Homo sapiens";"16";"32";"9606";"False"
"CHEMBL2455";"P-selectin";"Q01102";"SINGLE PROTEIN";"Mus musculus";"7";"7";"10090";"False"
"CHEMBL6193830";"UBR/Epidermal growth factor receptor";"P00533|Q5T4S7|Q8IWV7|Q8IWV8";"PROTEIN-PROTEIN INTERACTION";"Homo sapiens";"1";"4";"9606";"False"
"CHEMBL2331049";"Vascular endothelial growth factor receptor 2";"Q5GIT4";"SINGLE PROTEIN";"Danio rerio";"41";"69";"7955";"False"
"CHEMBL4296069";"Integrin subunit alpha 2b/beta-3";"D3ZAC0|Q8R2H2";"PROTEIN COMPLEX";"Rattus norvegicus";"11";"18";"10116";"False"
"CHEMBL2949";"Prostaglandin G/H synthase 1";"P05979";"SINGLE PROTEIN";"Ovis aries";"4048";"5537";"9940";"False"
"CHEMBL5482997";"VEGFR2-VEGA";"P15692|P35968";"PROTEIN COMPLEX";"Homo sapiens";"2";"2";"9606";"False"
"CHEMBL4066";"Fibroblast growth factor receptor 3";"Q61851";"SINGLE PROTEIN";"Mus musculus";"22";"23";"10090";"False"
"CHEMBL2111428";"VEGF-receptor 2 and stem cell growth factor receptor (KDR and KIT)";"P10721|P35968";"SELECTIVITY GROUP";"Homo sapiens";"10";"10";"9606";"False"
"CHEMBL2111461";"Integrin alpha-2/beta-3";"P05106|P17301";"PROTEIN COMPLEX";"Homo sapiens";"20";"21";"9606";"False"
"CHEMBL3883325";"Integrin alpha-IIb/beta-3";"Q9TUN4|Q9TUN3";"PROTEIN COMPLEX";"Oryctolagus cuniculus";"34";"53";"9986";"False"
"CHEMBL1075030";"Urokinase-type plasminogen activator";"P04185";"SINGLE PROTEIN";"Sus scrofa";"2";"3";"9823";"False"
"CHEMBL3879832";"P-selectin";"P98106";"SINGLE PROTEIN";"Rattus norvegicus";"1";"8";"10116";"False"
"CHEMBL4102";"Prostaglandin G/H synthase 2";"P79208";"SINGLE PROTEIN";"Ovis aries";"1476";"2030";"9940";"False"
"CHEMBL4321";"Prostaglandin G/H synthase 2";"Q05769";"SINGLE PROTEIN";"Mus musculus";"1209";"1941";"10090";"False"
"CHEMBL3745588";"Low-density lipoprotein receptor-related protein 6";"O75581";"SINGLE PROTEIN";"Homo sapiens";"17";"38";"9606";"False"
"CHEMBL2545";"E-selectin";"Q00690";"SINGLE PROTEIN";"Mus musculus";"21";"24";"10090";"False"
"CHEMBL3162";"L-selectin";"P18337";"SINGLE PROTEIN";"Mus musculus";"33";"35";"10090";"False"
"CHEMBL2111419";"Coagulation factor X and plasma kallikrein";"P03952|P00742";"SELECTIVITY GROUP";"Homo sapiens";"30";"30";"9606";"False"
"CHEMBL5671";"Protein delta homolog 1";"P80370";"SINGLE PROTEIN";"Homo sapiens";"95";"109";"9606";"False"
"CHEMBL3516";"Vascular endothelial growth factor receptor 1";"P35969";"SINGLE PROTEIN";"Mus musculus";"64";"66";"10090";"False"
"CHEMBL4523261";"Prostaglandin G/H synthase 2";"P70682";"SINGLE PROTEIN";"Cavia porcellus";"1";"1";"10141";"False"
"CHEMBL4523515";"Tumor necrosis factor receptor superfamily member 16";"Q9Z0W1";"SINGLE PROTEIN";"Mus musculus";"2";"3";"10090";"False"
"CHEMBL3898";"Bone morphogenetic protein 1";"P13497";"SINGLE PROTEIN";"Homo sapiens";"834";"1282";"9606";"False"
"CHEMBL2111431";"Epidermal growth factor receptor and ErbB2 (HER1 and HER2)";"P04626|P00533";"PROTEIN FAMILY";"Homo sapiens";"172";"222";"9606";"False"
"CHEMBL4267";"TGF-beta receptor type-2";"P37173";"SINGLE PROTEIN";"Homo sapiens";"1503";"3343";"9606";"False"
"CHEMBL4295664";"Tolloid-like protein 1";"O43897";"SINGLE PROTEIN";"Homo sapiens";"397";"400";"9606";"False"
"CHEMBL6121";"Disintegrin and metalloproteinase domain-containing protein 33";"Q9BZ11";"SINGLE PROTEIN";"Homo sapiens";"12";"14";"9606";"False"
"CHEMBL3430895";"Integrin alpha-10/Integrin beta-1";"P05556|O75578";"PROTEIN COMPLEX";"Homo sapiens";"1";"1";"9606";"False"
"CHEMBL3351187";"Coagulation factor VII";"P98139";"SINGLE PROTEIN";"Oryctolagus cuniculus";"1";"1";"9986";"False"
"CHEMBL6066221";"GDNF family receptor alpha-3";"O60609";"SINGLE PROTEIN";"Homo sapiens";"16";"32";"9606";"False"
"CHEMBL3883312";"Dickkopf-related protein 1/Lrp6";"O54908|O88572";"PROTEIN-PROTEIN INTERACTION";"Mus musculus";"9";"9";"10090";"False"
"CHEMBL5291680";"Protein cereblon/Fibroblast growth factor receptor 3";"P22607|Q96SW2";"PROTEIN-PROTEIN INTERACTION";"Homo sapiens";"4";"4";"9606";"False"
"CHEMBL5507";"Proprotein convertase subtilisin/kexin type 6";"Q63415";"SINGLE PROTEIN";"Rattus norvegicus";"7";"7";"10116";"False"
"CHEMBL2111477";"Thrombin and coagulation factor VII";"P00734|P08709";"SELECTIVITY GROUP";"Homo sapiens";"162";"175";"9606";"False"
"CHEMBL2111379";"Thrombin and urokinase-type plasminogen activator";"P00734|P00749";"SELECTIVITY GROUP";"Homo sapiens";"29";"31";"9606";"False"
"CHEMBL2111375";"Vascular endothelial growth factor receptor 2 and tyrosine-protein kinase TIE-2 (KDR and TIE2)";"P35968|Q02763";"SELECTIVITY GROUP";"Homo sapiens";"14";"14";"9606";"False"
"CHEMBL4105775";"Meprin A subunit alpha";"Q16819";"SINGLE PROTEIN";"Homo sapiens";"9";"11";"9606";"False"
"CHEMBL1075245";"Urokinase-type plasminogen activator";"P29598";"SINGLE PROTEIN";"Rattus norvegicus";"2";"2";"10116";"False"
"CHEMBL4523265";"TGF-beta receptor type-1";"P80204";"SINGLE PROTEIN";"Rattus norvegicus";"34";"88";"10116";"False"
"CHEMBL4680035";"Transcriptional enhancer factor TEF-3";"Q62296";"SINGLE PROTEIN";"Mus musculus";"4";"5";"10090";"False"
"CHEMBL5982";"Disintegrin and metalloproteinase domain-containing protein 9";"Q13443";"SINGLE PROTEIN";"Homo sapiens";"76";"81";"9606";"False"
"CHEMBL6066233";"Integrin beta-4";"P16144";"SINGLE PROTEIN";"Homo sapiens";"3";"5";"9606";"False"
"CHEMBL5030";"Disintegrin and metalloproteinase domain-containing protein 12";"O43184";"SINGLE PROTEIN";"Homo sapiens";"7";"7";"9606";"False"
"CHEMBL2111349";"Prostaglandin G/H synthase (cyclooxygenase)";"P22437|Q05769";"PROTEIN FAMILY";"Mus musculus";"155";"169";"10090";"False"
"CHEMBL6067604";"von Hippel-Lindau disease tumor suppressor-SARS-Cov-2 polyprotein";"P40337|P0DTD1";"PROTEIN-PROTEIN INTERACTION";"Severe acute respiratory syndrome coronavirus 2";"15";"23";"2697049";"False"
"CHEMBL6066126";"von Hippel-Lindau disease tumor suppressor/Fibroblast growth factor receptor 2";"P21802|P40337";"PROTEIN-PROTEIN INTERACTION";"Homo sapiens";"1";"1";"9606";"False"
"CHEMBL4105734";"Coagulation factor IX";"P16296";"SINGLE PROTEIN";"Rattus norvegicus";"1";"1";"10116";"False"
"CHEMBL4523628";"Integrin alpha-V/Integrin beta-5";"P43406|O70309";"PROTEIN COMPLEX";"Mus musculus";"2";"2";"10090";"False"
"CHEMBL4295675";"Low-density lipoprotein receptor-related protein 5";"O75197";"SINGLE PROTEIN";"Homo sapiens";"5";"5";"9606";"False"
"CHEMBL4802008";"Fibroblast growth factor receptor 4";"Q498D6";"SINGLE PROTEIN";"Rattus norvegicus";"1";"1";"10116";"False"
"CHEMBL4296076";"Coagulation factor IX/VIII";"P00740|P00451";"PROTEIN COMPLEX";"Homo sapiens";"13";"24";"9606";"False"
"CHEMBL5291677";"Protein cereblon/Fibroblast growth factor receptor 1";"P11362|Q96SW2";"PROTEIN-PROTEIN INTERACTION";"Homo sapiens";"7";"9";"9606";"False"
"CHEMBL3638334";"Opioid growth factor receptor-like protein 1";"Q5TC84";"SINGLE PROTEIN";"Homo sapiens";"430";"504";"9606";"False"
"CHEMBL6066571";"Integrin alpha-5/beta-6/beta-8";"P08648|P18564|P26012";"PROTEIN COMPLEX";"Homo sapiens";"1";"3";"9606";"False"
"CHEMBL6193842";"Protein cereblon/Epidermal growth factor receptor";"Q01279|Q8C7D2";"PROTEIN-PROTEIN INTERACTION";"Mus musculus";"1";"2";"10090";"False"
"CHEMBL4630810";"Thrombospondin-1";"P07996";"SINGLE PROTEIN";"Homo sapiens";"47";"111";"9606";"False"
"CHEMBL6066514";"Transforming growth factor beta receptor type 3";"O88393";"SINGLE PROTEIN";"Mus musculus";"3";"3";"10090";"False"
"CHEMBL3648";"Fibroblast growth factor receptor 2";"P21803";"SINGLE PROTEIN";"Mus musculus";"3";"4";"10090";"False"
"CHEMBL3608";"Epidermal growth factor receptor";"Q01279";"SINGLE PROTEIN";"Mus musculus";"135";"173";"10090";"False"
"CHEMBL3533";"Coagulation factor XII";"P98140";"SINGLE PROTEIN";"Bos taurus";"1";"1";"9913";"False"
"CHEMBL4042";"Prostaglandin G/H synthase 1";"Q63921";"SINGLE PROTEIN";"Rattus norvegicus";"1322";"1373";"10116";"False"
"CHEMBL4742252";"Protein cereblon/Agrin";"Q96SW2|O00468";"PROTEIN-PROTEIN INTERACTION";"Homo sapiens";"1";"1";"9606";"False"
"CHEMBL4748214";"von Hippel-Lindau disease tumor suppressor/Agrin";"P40337|O00468";"PROTEIN-PROTEIN INTERACTION";"Homo sapiens";"1";"1";"9606";"False"
"CHEMBL6193848";"Protein cereblon/Contactin-associated protein-like 4";"Q96SW2|Q9C0A0";"PROTEIN-PROTEIN INTERACTION";"Homo sapiens";"1";"1";"9606";"False"
"CHEMBL1075311";"Urokinase-type plasminogen activator";"P06869";"SINGLE PROTEIN";"Mus musculus";"21";"56";"10090";"False"
"CHEMBL4523964";"COX-1/COX-2";"P35354|P23219";"SELECTIVITY GROUP";"Homo sapiens";"299";"312";"9606";"False"
"CHEMBL4630759";"TEL/KDR";"P35968|P41212";"CHIMERIC PROTEIN";"Homo sapiens";"23";"23";"9606";"False"
"CHEMBL3407312";"Krueppel-like factor 10";"Q13118";"SINGLE PROTEIN";"Homo sapiens";"45";"149";"9606";"False"
"CHEMBL4523998";"von Hippel-Lindau disease tumor suppressor/Epidermal growth factor receptor";"P00533|P40337";"PROTEIN-PROTEIN INTERACTION";"Homo sapiens";"85";"367";"9606";"False"
"CHEMBL3885597";"ITGB1-ITGA9 complex";"P05556|Q13797";"PROTEIN COMPLEX";"Homo sapiens";"10";"10";"9606";"False"
"CHEMBL3351190";"Hepatocyte growth factor activator serine protease";"Q04756";"SINGLE PROTEIN";"Homo sapiens";"142";"163";"9606";"False"
"CHEMBL1905";"Integrin beta-1";"P05556";"SINGLE PROTEIN";"Homo sapiens";"6";"11";"9606";"False"
"CHEMBL2111481";"Integrin alpha-4/beta-7";"Q00651|P26011";"PROTEIN COMPLEX";"Mus musculus";"22";"55";"10090";"False"
"CHEMBL3839";"Fibroblast growth factor receptor 4";"Q03142";"SINGLE PROTEIN";"Mus musculus";"85";"139";"10090";"False"
"CHEMBL6195769";"E3 ubiquitin-protein ligase RNF149/Epidermal growth factor receptor";"P00533|Q8NC42";"PROTEIN-PROTEIN INTERACTION";"Homo sapiens";"20";"50";"9606";"False"
"CHEMBL3739250";"Zinc metalloproteinase dpy-31";"A8Q2D1";"SINGLE PROTEIN";"Brugia malayi";"5";"5";"6279";"False"
"CHEMBL2111443";"Integrin alpha-V/beta-3 and alpha-IIb/beta 3";"P05106|P06756|P08514";"SELECTIVITY GROUP";"Homo sapiens";"49";"49";"9606";"False"
"CHEMBL3883324";"Urokinase-type plasminogen activator/surface receptor";"P00749|Q03405";"PROTEIN-PROTEIN INTERACTION";"Homo sapiens";"11";"27";"9606";"False"
"CHEMBL3960";"Fibroblast growth factor receptor 1";"P16092";"SINGLE PROTEIN";"Mus musculus";"23";"37";"10090";"False"
"CHEMBL3301389";"Focal adhesion kinase 1/vascular endothelial growth factor receptor 3";"P35916|Q05397";"PROTEIN-PROTEIN INTERACTION";"Homo sapiens";"2";"10";"9606";"False"
"CHEMBL2034800";"Tyrosine-protein kinase receptor Tie-1";"Q06806";"SINGLE PROTEIN";"Mus musculus";"6";"6";"10090";"False"
"CHEMBL2951";"Proprotein convertase subtilisin/kexin type 6";"P29122";"SINGLE PROTEIN";"Homo sapiens";"157";"163";"9606";"False"
"CHEMBL5291678";"Protein cereblon/Fibroblast growth factor receptor 2";"P21802|Q96SW2";"PROTEIN-PROTEIN INTERACTION";"Homo sapiens";"37";"86";"9606";"False"
"CHEMBL2021750";"TGF-beta receptor type-1";"Q64729";"SINGLE PROTEIN";"Mus musculus";"99";"103";"10090";"False"
"CHEMBL2649";"Prostaglandin G/H synthase 1";"P22437";"SINGLE PROTEIN";"Mus musculus";"456";"661";"10090";"False"
"CHEMBL4523996";"PCSK9/LDLR";"Q8NBP7|P01130";"PROTEIN-PROTEIN INTERACTION";"Homo sapiens";"496";"2229";"9606";"False"
"CHEMBL3731";"Amphiregulin";"P15514";"SINGLE PROTEIN";"Homo sapiens";"5";"5";"9606";"False"
"CHEMBL3311";"Low-density lipoprotein receptor";"P01130";"SINGLE PROTEIN";"Homo sapiens";"158";"185";"9606";"False"
"CHEMBL2111391";"Fibroblast growth factor receptor";"P21803|Q03142|P16092|Q61851";"PROTEIN FAMILY";"Mus musculus";"37";"37";"10090";"False"
"CHEMBL5665";"Disintegrin and metalloproteinase domain-containing protein 8";"P78325";"SINGLE PROTEIN";"Homo sapiens";"28";"38";"9606";"False"
"CHEMBL2111409";"Vascular endothelial growth factor receptor 2 and 3 (KDR and Flt-4)";"P35916|P35968";"SELECTIVITY GROUP";"Homo sapiens";"23";"23";"9606";"False"
"CHEMBL2111434";"VEGF-receptor 2 and Fibroblast growth factor receptor 2";"P35968|P21802";"SELECTIVITY GROUP";"Homo sapiens";"15";"15";"9606";"False"
"CHEMBL5734";"Pro-epidermal growth factor";"P01133";"SINGLE PROTEIN";"Homo sapiens";"5";"5";"9606";"False"
"CHEMBL2111412";"Coagulation factor VII and X";"P00742|P08709";"SELECTIVITY GROUP";"Homo sapiens";"116";"116";"9606";"False"
"CHEMBL5199";"Angiopoietin-1 receptor";"Q02858";"SINGLE PROTEIN";"Mus musculus";"3";"5";"10090";"False"
"CHEMBL6195571";"Protein cereblon/Prostaglandin G/H synthase 2";"Q05769|Q8C7D2";"PROTEIN-PROTEIN INTERACTION";"Mus musculus";"1";"1";"10090";"False"
"CHEMBL2826";"Proprotein convertase subtilisin/kexin type 5";"Q92824";"SINGLE PROTEIN";"Homo sapiens";"16";"16";"9606";"False"
"CHEMBL6066570";"Integrin alpha-5/beta-6";"P08648|P18564";"PROTEIN COMPLEX";"Homo sapiens";"174";"525";"9606";"False"
"CHEMBL4295799";"Neurogenic locus notch homolog protein 1";"Q01705";"SINGLE PROTEIN";"Mus musculus";"10";"18";"10090";"False"
"CHEMBL4802036";"Fibroblast growth factor 1/Fibroblast growth factor receptor 2";"P05230|P21802";"PROTEIN COMPLEX";"Homo sapiens";"2";"3";"9606";"False"
"CHEMBL207";"Integrin beta-3";"P05106";"SINGLE PROTEIN";"Homo sapiens";"1";"1";"9606";"False"
"CHEMBL2096674";"Cyclooxygenase";"O62664|O62698";"PROTEIN FAMILY";"Bos taurus";"284";"304";"9913";"False"
"CHEMBL3137268";"Integrin alpha2/beta1";"P05556|P17301";"PROTEIN COMPLEX";"Homo sapiens";"63";"69";"9606";"False"
"CHEMBL3656";"Coagulation factor X";"P00743";"SINGLE PROTEIN";"Bos taurus";"191";"201";"9913";"False"
"CHEMBL2977";"Prostaglandin G/H synthase 2";"P35355";"SINGLE PROTEIN";"Rattus norvegicus";"154";"182";"10116";"False"
"CHEMBL2095194";"Coagulation factor VII/tissue factor";"P08709|P13726";"PROTEIN COMPLEX";"Homo sapiens";"625";"740";"9606";"False"
"CHEMBL3337";"Vascular endothelial growth factor receptor 2";"P35918";"SINGLE PROTEIN";"Mus musculus";"134";"138";"10090";"False"
"CHEMBL2095157";"Cyclooxygenase";"P35355|Q63921";"PROTEIN FAMILY";"Rattus norvegicus";"757";"970";"10116";"False"
"CHEMBL2111439";"VEGF-receptor 2 and Fibroblast growth factor receptor 1";"P35968|P11362";"PROTEIN FAMILY";"Homo sapiens";"50";"50";"9606";"False"
"CHEMBL2111440";"VEGF-receptor 2 and PDGF-receptor beta (KDR and PDGFR beta)";"P09619|P35968";"SELECTIVITY GROUP";"Homo sapiens";"28";"29";"9606";"False"
"CHEMBL2111336";"VEGF-receptor 2 and tyrosine-protein kinase SRC";"P12931|P35968";"SELECTIVITY GROUP";"Homo sapiens";"25";"25";"9606";"False"
"CHEMBL3286";"Urokinase-type plasminogen activator";"P00749";"SINGLE PROTEIN";"Homo sapiens";"1744";"2043";"9606";"False"
"CHEMBL4523582";"Replicase polyprotein 1ab";"P0DTD1";"SINGLE PROTEIN";"Severe acute respiratory syndrome coronavirus 2";"12585";"19273";"2697049";"False"
"CHEMBL1873";"Tissue-type plasminogen activator";"P00750";"SINGLE PROTEIN";"Homo sapiens";"1451";"2479";"9606";"False"
"CHEMBL4439";"TGF-beta receptor type-1";"P36897";"SINGLE PROTEIN";"Homo sapiens";"3852";"10845";"9606";"False"
"CHEMBL6193792";"E3 ubiquitin-protein ligase Mdm2/Epidermal growth factor receptor";"Q00987|P00533";"PROTEIN-PROTEIN INTERACTION";"Homo sapiens";"5";"11";"9606";"False"
"CHEMBL3137284";"MER intracellular domain/EGFR extracellular domain chimera";"P00533|Q12866";"CHIMERIC PROTEIN";"Homo sapiens";"2";"2";"9606";"False"
"CHEMBL4105797";"Opioid growth factor receptor";"Q9NZT2";"SINGLE PROTEIN";"Homo sapiens";"6";"14";"9606";"False"
"CHEMBL3712856";"Tenascin";"P24821";"SINGLE PROTEIN";"Homo sapiens";"";"";"9606";"False"
"CHEMBL4106150";"Integrin alpha-V/beta-3/alpha-V/beta-5";"P05106|P06756|P18084";"PROTEIN COMPLEX";"Homo sapiens";"8";"8";"9606";"False"
"CHEMBL2094253";"Cyclooxygenase";"P35354|P23219";"PROTEIN FAMILY";"Homo sapiens";"930";"1259";"9606";"False"
"CHEMBL4742270";"Protein cereblon/Laminin subunit beta-1";"P07942|Q96SW2";"PROTEIN-PROTEIN INTERACTION";"Homo sapiens";"1";"1";"9606";"False"
"CHEMBL3991";"Coagulation factor VII";"P08709";"SINGLE PROTEIN";"Homo sapiens";"795";"961";"9606";"False"
"CHEMBL5303566";"Prostaglandin G/H synthase 2";"O19183";"SINGLE PROTEIN";"Equus caballus";"";"";"9796";"False"
"CHEMBL1955";"Vascular endothelial growth factor receptor 3";"P35916";"SINGLE PROTEIN";"Homo sapiens";"2446";"3473";"9606";"False"
"CHEMBL3407319";"Neurogenic locus notch homolog protein 3";"Q9UM47";"SINGLE PROTEIN";"Homo sapiens";"55";"57";"9606";"False"
"CHEMBL3973";"Fibroblast growth factor receptor 4";"P22455";"SINGLE PROTEIN";"Homo sapiens";"3847";"12646";"9606";"False"
"CHEMBL5291691";"von Hippel-Lindau disease tumor suppressor/Vascular endothelial growth factor receptor 2";"P35968|P40337";"PROTEIN-PROTEIN INTERACTION";"Homo sapiens";"26";"67";"9606";"False"
"CHEMBL203";"Epidermal growth factor receptor";"P00533";"SINGLE PROTEIN";"Homo sapiens";"19118";"58847";"9606";"False"
"CHEMBL230";"Prostaglandin G/H synthase 2";"P35354";"SINGLE PROTEIN";"Homo sapiens";"9137";"15314";"9606";"False"
"CHEMBL2146346";"Neurogenic locus notch homolog protein 1";"P46531";"SINGLE PROTEIN";"Homo sapiens";"135";"162";"9606";"False"
"CHEMBL279";"Vascular endothelial growth factor receptor 2";"P35968";"SINGLE PROTEIN";"Homo sapiens";"17115";"29582";"9606";"False"
"CHEMBL3286070";"Proheparin-binding EGF-like growth factor";"Q99075";"SINGLE PROTEIN";"Homo sapiens";"3";"3";"9606";"False"
"CHEMBL2095226";"Integrin alpha-5/beta-1";"P05556|P08648";"PROTEIN COMPLEX";"Homo sapiens";"576";"1094";"9606";"False"
"CHEMBL5465297";"Basement membrane-specific heparan sulfate proteoglycan core protein";"P98160";"SINGLE PROTEIN";"Homo sapiens";"1";"2";"9606";"False"
"CHEMBL2331050";"Disintegrin and metalloproteinase domain-containing protein 15";"Q13444";"SINGLE PROTEIN";"Homo sapiens";"2";"2";"9606";"False"
"CHEMBL4758";"Vascular endothelial growth factor receptor 3";"P35917";"SINGLE PROTEIN";"Mus musculus";"3";"8";"10090";"False"
"CHEMBL4802019";"Disintegrin and metalloproteinase domain-containing protein 15";"Q9QYV0";"SINGLE PROTEIN";"Rattus norvegicus";"1";"6";"10116";"False"
"CHEMBL4523920";"Adhesion G protein-coupled receptor L4";"Q9HBW9";"SINGLE PROTEIN";"Homo sapiens";"2";"2";"9606";"False"
"CHEMBL3334";"Prostaglandin G/H synthase 1";"O97554";"SINGLE PROTEIN";"Oryctolagus cuniculus";"16";"16";"9986";"False"
"CHEMBL6067603";"Protein cereblon/Replicase polyprotein 1ab";"Q96SW2|P0DTD1";"PROTEIN-PROTEIN INTERACTION";"Severe acute respiratory syndrome coronavirus 2";"25";"36";"2697049";"False"
"CHEMBL5291688";"von Hippel-Lindau disease tumor suppressor/Fibroblast growth factor receptor 1";"P11362|P40337";"PROTEIN-PROTEIN INTERACTION";"Homo sapiens";"6";"21";"9606";"False"
"CHEMBL2016";"Coagulation factor IX";"P00740";"SINGLE PROTEIN";"Homo sapiens";"1266";"2166";"9606";"False"
"CHEMBL4524007";"Notch receptor";"P46531|Q9UM47|Q04721|Q99466";"PROTEIN FAMILY";"Homo sapiens";"2";"2";"9606";"False"
"CHEMBL3885623";"Prostaglandin E synthase/G/H synthase 2";"P35354|O14684";"PROTEIN FAMILY";"Homo sapiens";"4";"7";"9606";"False"
"CHEMBL4295768";"Mannan-binding lectin serine protease 1";"P48740";"SINGLE PROTEIN";"Homo sapiens";"3";"5";"9606";"False"
"CHEMBL2979";"Integrin beta-7";"P26010";"SINGLE PROTEIN";"Homo sapiens";"3";"3";"9606";"False"
"CHEMBL3712972";"Epidermal growth factor-like protein 7";"Q9UHF1";"SINGLE PROTEIN";"Homo sapiens";"";"";"9606";"False"
"CHEMBL5482991";"Prothrombinase complex";"P00742|P12259";"PROTEIN COMPLEX";"Homo sapiens";"1";"1";"9606";"False"
"CHEMBL4444";"Vitamin K-dependent protein C";"P04070";"SINGLE PROTEIN";"Homo sapiens";"411";"491";"9606";"False"
"CHEMBL5169103";"Coagulation factor X";"O88947";"SINGLE PROTEIN";"Mus musculus";"4";"4";"10090";"False"
"CHEMBL4295646";"Mannan-binding lectin serine protease 2";"O00187";"SINGLE PROTEIN";"Homo sapiens";"531";"1540";"9606";"False"
"CHEMBL2111416";"Integrin alpha-V/beta-6";"P06756|P18564";"PROTEIN COMPLEX";"Homo sapiens";"966";"3186";"9606";"False"
"CHEMBL3712916";"Delta-like protein 4";"Q9NR61";"SINGLE PROTEIN";"Homo sapiens";"";"";"9606";"False"
"CHEMBL5303558";"Cyclooxygenase 2";"A8QIU4";"SINGLE PROTEIN";"Felis catus";"";"";"9685";"False"
"CHEMBL5498501";"Vitamin K-dependent protein S";"P07225";"SINGLE PROTEIN";"Homo sapiens";"";"";"9606";"False"
"CHEMBL2111424";"Coagulation factor IX and X";"P00740|P00742";"SELECTIVITY GROUP";"Homo sapiens";"90";"91";"9606";"False"
"CHEMBL244";"Coagulation factor X";"P00742";"SINGLE PROTEIN";"Homo sapiens";"7731";"10321";"9606";"False"
"CHEMBL4630888";"Delta-like protein 3";"Q9NYJ7";"SINGLE PROTEIN";"Homo sapiens";"";"";"9606";"False"
"CHEMBL4296099";"Low-density lipoprotein receptor-related protein 5/6";"O88572|Q91VN0";"PROTEIN FAMILY";"Mus musculus";"1";"1";"10090";"False"
"CHEMBL5291586";"Fibroblast growth factor receptor substrate 2";"Q8WU20";"SINGLE PROTEIN";"Homo sapiens";"2";"4";"9606";"False"
"CHEMBL3885586";"Hepatocyte growth factor activator/Serine protease hepsin/Suppressor of tumorigenicity 14 protein";"Q9Y5Y6|P05981|Q04756";"PROTEIN FAMILY";"Homo sapiens";"4";"4";"9606";"False"
"CHEMBL5291567";"Delta and Notch-like epidermal growth factor-related receptor";"Q8NFT8";"SINGLE PROTEIN";"Homo sapiens";"2";"10";"9606";"False"
"CHEMBL2554";"E-selectin";"P98105";"SINGLE PROTEIN";"Rattus norvegicus";"1";"1";"10116";"False"
"CHEMBL4523747";"EGFR/PPP1CA";"P00533|P62136";"PROTEIN-PROTEIN INTERACTION";"Homo sapiens";"1";"1";"9606";"False"
"CHEMBL2111358";"Prostaglandin G/H synthase (cyclooxygenase)";"P05979|P79208";"PROTEIN FAMILY";"Ovis aries";"124";"160";"9940";"False"
"CHEMBL6066543";"Coagulation factor V/Coagulation factor X/Serine/threonine-protein kinase BRSK2";"P00742|P12259|Q8IWQ3";"PROTEIN COMPLEX";"Homo sapiens";"19";"57";"9606";"False"
"CHEMBL2095217";"Fibroblast growth factor receptor";"P22607|P11362|P22455|P21802";"PROTEIN FAMILY";"Homo sapiens";"283";"383";"9606";"False"
"CHEMBL2111480";"Vascular endothelial growth factor receptor 1 and 2 (Flt-1 and KDR)";"P17948|P35968";"SELECTIVITY GROUP";"Homo sapiens";"27";"27";"9606";"False"
"CHEMBL1839";"Thyroid peroxidase";"P07202";"SINGLE PROTEIN";"Homo sapiens";"69";"199";"9606";"False"
"CHEMBL2095227";"Vascular endothelial growth factor receptor";"P17948|P35916|P35968";"PROTEIN FAMILY";"Homo sapiens";"275";"287";"9606";"False"
"CHEMBL4804247";"Growth arrest-specific protein 6";"Q14393";"SINGLE PROTEIN";"Homo sapiens";"279";"843";"9606";"False"
"CHEMBL2111407";"Integrin alpha-V/beta-1";"P05556|P06756";"PROTEIN COMPLEX";"Homo sapiens";"253";"413";"9606";"False"
"CHEMBL3650";"Fibroblast growth factor receptor 1";"P11362";"SINGLE PROTEIN";"Homo sapiens";"8523";"22267";"9606";"False"
"CHEMBL4662938";"Protransforming growth factor alpha";"P01135";"SINGLE PROTEIN";"Homo sapiens";"2";"3";"9606";"False"
"CHEMBL4133";"Prostaglandin G/H synthase 1";"Q8HZR1";"SINGLE PROTEIN";"Canis lupus familiaris";"105";"107";"9615";"False"
"CHEMBL4128";"Angiopoietin-1 receptor";"Q02763";"SINGLE PROTEIN";"Homo sapiens";"2415";"3552";"9606";"False"
"CHEMBL2364187";"Laminin";"P25391|P24043|Q16787|Q16363|O15230|P07942|P55268|Q13751|A4D0S4|P11047|Q13753|Q9Y6N6";"PROTEIN COMPLEX GROUP";"Homo sapiens";"";"";"9606";"False"
"CHEMBL2093869";"Integrin alpha-IIb/beta-3";"P05106|P08514";"PROTEIN COMPLEX";"Homo sapiens";"2362";"3528";"9606";"False"
"CHEMBL2095184";"Integrin alpha-4/beta-7";"P13612|P26010";"PROTEIN COMPLEX";"Homo sapiens";"537";"658";"9606";"False"
"CHEMBL2363049";"Epidermal growth factor receptor";"P04626|P00533|Q15303|P21860";"PROTEIN FAMILY";"Homo sapiens";"157";"225";"9606";"False"
"CHEMBL3407320";"Neurogenic locus notch homolog protein 2";"Q04721";"SINGLE PROTEIN";"Homo sapiens";"1";"1";"9606";"False"
"CHEMBL2111425";"Fibronectin receptor (Integrin alpha-5/beta-1 and alpha-V/beta-3)";"P05106|P05556|P06756|P08648";"PROTEIN COMPLEX GROUP";"Homo sapiens";"37";"39";"9606";"False"
"CHEMBL4033";"Cyclooxygenase-2";"Q8SPQ9";"SINGLE PROTEIN";"Canis lupus familiaris";"133";"160";"9615";"False"
"CHEMBL3137278";"Integrin alpha1/beta1 complex";"P05556|P56199";"PROTEIN COMPLEX";"Homo sapiens";"6";"6";"9606";"False"
"CHEMBL3885596";"ITGA6-ITGB1 complex";"P05556|P23229";"PROTEIN COMPLEX";"Homo sapiens";"1";"1";"9606";"False"
"CHEMBL3407321";"Neurogenic locus notch homolog protein 4";"Q99466";"SINGLE PROTEIN";"Homo sapiens";"1";"1";"9606";"False"
"CHEMBL6066568";"Integrin alpha-5/beta-8";"P08648|P26012";"PROTEIN COMPLEX";"Homo sapiens";"3";"9";"9606";"False"
"CHEMBL1293198";"Prostaglandin G/H synthase 2";"O02768";"SINGLE PROTEIN";"Oryctolagus cuniculus";"17";"17";"9986";"False"
"CHEMBL5291679";"Protein cereblon/Fibroblast growth factor receptor 4";"P22455|Q96SW2";"PROTEIN-PROTEIN INTERACTION";"Homo sapiens";"4";"4";"9606";"False"
"CHEMBL6193837";"Protein zyg-11 homolog B/Protein zer-1 homolog/Epidermal growth factor receptor";"P00533|Q9C0D3|Q7Z7L7";"PROTEIN-PROTEIN INTERACTION";"Homo sapiens";"1";"6";"9606";"False"
"CHEMBL6066845";"Glucose-induced degradation protein 4 homolog/Epidermal growth factor receptor";"P00533|Q8IVV7";"PROTEIN-PROTEIN INTERACTION";"Homo sapiens";"2";"16";"9606";"False"
"CHEMBL6066839";"Microtubule-associated protein 1 light chain 3 beta/Epidermal growth factor receptor";"P00533|Q9GZQ8";"PROTEIN-PROTEIN INTERACTION";"Homo sapiens";"22";"65";"9606";"False"
"CHEMBL4762";"Tumor necrosis factor receptor superfamily member 16";"P08138";"SINGLE PROTEIN";"Homo sapiens";"26";"32";"9606";"False"
"CHEMBL3331";"Prostaglandin G/H synthase 2";"O62698";"SINGLE PROTEIN";"Bos taurus";"37";"38";"9913";"False"
"CHEMBL4523169";"Tumor necrosis factor receptor superfamily member 16";"P07174";"SINGLE PROTEIN";"Rattus norvegicus";"1";"1";"10116";"False"
"CHEMBL2860";"Prostaglandin G/H synthase 1";"O62664";"SINGLE PROTEIN";"Bos taurus";"134";"168";"9913";"False"
"CHEMBL2742";"Fibroblast growth factor receptor 3";"P22607";"SINGLE PROTEIN";"Homo sapiens";"5738";"16012";"9606";"False"
"CHEMBL4876";"Integrin beta-6";"P18564";"SINGLE PROTEIN";"Homo sapiens";"1";"2";"9606";"False"
"CHEMBL3755";"Coagulation factor X";"Q63207";"SINGLE PROTEIN";"Rattus norvegicus";"35";"87";"10116";"False"
"CHEMBL221";"Prostaglandin G/H synthase 1";"P23219";"SINGLE PROTEIN";"Homo sapiens";"5645";"9458";"9606";"False"
"CHEMBL1907599";"Integrin alpha-4/beta-1";"P05556|P13612";"PROTEIN COMPLEX";"Homo sapiens";"1476";"2332";"9606";"False"
"CHEMBL4804255";"FGFR4-KLB";"P22455|Q86Z14";"PROTEIN COMPLEX";"Homo sapiens";"";"";"9606";"False"
"CHEMBL3616355";"Early growth response protein 1";"P18146";"SINGLE PROTEIN";"Homo sapiens";"72";"104";"9606";"False"
"CHEMBL3883310";"Axin-1/Low-density lipoprotein receptor-related protein 2";"O15169|P98164";"PROTEIN-PROTEIN INTERACTION";"Homo sapiens";"1";"1";"9606";"False"
"CHEMBL6195701";"Tissue-type plasminogen activator";"P19637";"SINGLE PROTEIN";"Rattus norvegicus";"2";"2";"10116";"False"
"CHEMBL3890";"E-selectin";"P16581";"SINGLE PROTEIN";"Homo sapiens";"533";"731";"9606";"False"
"CHEMBL1868";"Vascular endothelial growth factor receptor 1";"P17948";"SINGLE PROTEIN";"Homo sapiens";"4598";"7469";"9606";"False"
"CHEMBL3713025";"Protein Cripto";"P13385";"SINGLE PROTEIN";"Homo sapiens";"";"";"9606";"False"
"CHEMBL2821";"Coagulation factor XII";"P00748";"SINGLE PROTEIN";"Homo sapiens";"1799";"3016";"9606";"False"
"CHEMBL3833481";"GDNF family receptor alpha-1";"P56159";"SINGLE PROTEIN";"Homo sapiens";"16";"32";"9606";"False"
"CHEMBL3713343";"Lactadherin";"Q08431";"SINGLE PROTEIN";"Homo sapiens";"";"";"9606";"False"
"CHEMBL5274";"Tyrosine-protein kinase receptor Tie-1";"P35590";"SINGLE PROTEIN";"Homo sapiens";"284";"348";"9606";"False"
"CHEMBL3430892";"Integrin alpha-V/beta-8";"P06756|P26012";"PROTEIN COMPLEX";"Homo sapiens";"249";"409";"9606";"False"
"CHEMBL4630884";"Prolow-density lipoprotein receptor-related protein 1";"Q07954";"SINGLE PROTEIN";"Homo sapiens";"";"";"9606";"False"
"CHEMBL3161";"L-selectin";"P14151";"SINGLE PROTEIN";"Homo sapiens";"134";"145";"9606";"False"
"CHEMBL4142";"Fibroblast growth factor receptor 2";"P21802";"SINGLE PROTEIN";"Homo sapiens";"4774";"13489";"9606";"False"
"CHEMBL3712975";"Endosialin";"Q9HCU0";"SINGLE PROTEIN";"Homo sapiens";"";"";"9606";"False"
"CHEMBL5378";"P-selectin";"P16109";"SINGLE PROTEIN";"Homo sapiens";"392";"585";"9606";"False"
"CHEMBL1907598";"Integrin alpha-V/beta-3";"P05106|P06756";"PROTEIN COMPLEX";"Homo sapiens";"2080";"2994";"9606";"False"
"CHEMBL3831288";"Selectin";"P14151|P16581|P16109";"PROTEIN FAMILY";"Homo sapiens";"";"";"9606";"False"
"CHEMBL4662939";"Proepiregulin";"O14944";"SINGLE PROTEIN";"Homo sapiens";"";"";"9606";"False"
